<?xml version="1.0" encoding="UTF-8"?>
<!DOCTYPE mapper PUBLIC "-//mybatis.org//DTD Mapper 3.0//EN" "http://mybatis.org/dtd/mybatis-3-mapper.dtd">
<mapper namespace="com.jkoss.study.system.mapper.PermissionMapper">

    <!-- 通用查询映射结果 -->
    <resultMap id="BaseResultMap" type="com.jkoss.study.system.entity.Permission">
        <id column="id" property="id" />
        <result column="pid" property="pid" />
        <result column="name" property="name" />
        <result column="url" property="url" />
        <result column="sort" property="sort" />
        <result column="remk" property="remk" />
        <result column="type" property="type" />
        <result column="icon" property="icon" />
        <result column="level" property="level" />
        <result column="create_time" property="createTime" />
        <result column="creator" property="creator" />
        <result column="modify_time" property="modifyTime" />
        <result column="modifier" property="modifier" />
    </resultMap>

    <!-- 通用查询结果列 -->
    <sql id="Base_Column_List">
        id, pid, name, url, sort, remk, type, icon, level, create_time, creator, modify_time, modifier
    </sql>
	<select id="selectByUid" resultType="com.jkoss.study.system.entity.Permission">
		SELECT
		distinct p.*
		FROM
		permission p
		LEFT JOIN role_permission rp ON p.id = rp.pid
		LEFT JOIN role r ON r.id = rp.rid
		LEFT JOIN user_role er ON er.rid = r.id
		<where>
			er.uid=#{uid}
		</where>
		order by p.level , p.sort
	</select>
</mapper>
