<?xml version="1.0" encoding="UTF-8"?>
<!DOCTYPE mapper PUBLIC "-//mybatis.org//DTD Mapper 3.0//EN" "http://mybatis.org/dtd/mybatis-3-mapper.dtd">
<mapper namespace="com.jkoss.study.system.mapper.RoleMapper">

	<!-- 通用查询映射结果 -->
	<resultMap id="BaseResultMap" type="com.jkoss.study.system.entity.Role">
		<id column="id" property="id" />
		<result column="pid" property="pid" />
		<result column="name" property="name" />
		<result column="remk" property="remk" />
		<result column="create_time" property="createTime" />
		<result column="creator" property="creator" />
		<result column="modify_time" property="modifyTime" />
		<result column="modifier" property="modifier" />
	</resultMap>

	<!-- 通用查询结果列 -->
	<sql id="Base_Column_List">
		id, pid, name, remk, create_time, creator, modify_time, modifier
	</sql>
	<select id="selectListByUid" resultType="com.jkoss.study.system.entity.Role">
		select * from role r
		LEFT JOIN user_role ur on r.id=ur.rid
		where ur.uid = #{uid}
	</select>

</mapper>
