<?xml version="1.0" encoding="UTF-8"?>
<!DOCTYPE mapper PUBLIC "-//mybatis.org//DTD Mapper 3.0//EN" "http://mybatis.org/dtd/mybatis-3-mapper.dtd">
<mapper namespace="com.jkoss.study.system.mapper.RolePermissionMapper">

    <!-- 通用查询映射结果 -->
    <resultMap id="BaseResultMap" type="com.jkoss.study.system.entity.RolePermission">
        <id column="id" property="id" />
        <result column="rid" property="rid" />
        <result column="pid" property="pid" />
    </resultMap>

    <!-- 通用查询结果列 -->
    <sql id="Base_Column_List">
        id, rid, pid
    </sql>
	<select id="selectPidByRid" resultType="java.lang.String">
		select pid from role_permission
		<where>
			rid=#{id}
		</where>
	</select>
</mapper>
