<?xml version="1.0" encoding="UTF-8"?>
<!DOCTYPE mapper PUBLIC "-//mybatis.org//DTD Mapper 3.0//EN" "http://mybatis.org/dtd/mybatis-3-mapper.dtd">
<mapper namespace="com.jkoss.study.system.mapper.UserRoleMapper">

	<!-- 通用查询映射结果 -->
	<resultMap id="BaseResultMap" type="com.jkoss.study.system.entity.UserRole">
		<id column="id" property="id" />
		<result column="uid" property="uid" />
		<result column="rid" property="rid" />
	</resultMap>

	<!-- 通用查询结果列 -->
	<sql id="Base_Column_List">
		id, uid, rid
	</sql>

	<delete id="deleteStudentRoleByCid">
		DELETE
		FROM
		user_role
		WHERE
		uid IN ( SELECT s.id FROM student s WHERE s.clzid =#{cid} )
	</delete>

</mapper>
