<?xml version="1.0" encoding="UTF-8"?>
<!DOCTYPE mapper PUBLIC "-//mybatis.org//DTD Mapper 3.0//EN" "http://mybatis.org/dtd/mybatis-3-mapper.dtd">
<mapper namespace="com.jkoss.study.interview.mapper.EnterpriseMapper">

    <!-- 通用查询映射结果 -->
    <resultMap id="BaseResultMap" type="com.jkoss.study.interview.entity.Enterprise">
        <id column="id" property="id" />
    <result column="create_time" property="createTime" />
    <result column="creator" property="creator" />
    <result column="modify_time" property="modifyTime" />
    <result column="modifier" property="modifier" />
        <result column="name" property="name" />
        <result column="adress" property="adress" />
        <result column="phone" property="phone" />
        <result column="type" property="type" />
        <result column="contact" property="contact" />
        <result column="contactphone" property="contactphone" />
        <result column="site" property="site" />
        <result column="scale" property="scale" />
        <result column="remk" property="remk" />
    </resultMap>

    <!-- 通用查询结果列 -->
    <sql id="Base_Column_List">
        create_time,
        creator,
        modify_time,
        modifier,
        id, name, adress, phone, type, contact, contactphone, site, scale, remk
    </sql>

</mapper>
