<?xml version="1.0" encoding="UTF-8"?>
<!DOCTYPE mapper PUBLIC "-//mybatis.org//DTD Mapper 3.0//EN" "http://mybatis.org/dtd/mybatis-3-mapper.dtd">
<mapper namespace="com.jkoss.study.interview.mapper.InterviewanswerMapper">

    <!-- 通用查询映射结果 -->
    <resultMap id="BaseResultMap" type="com.jkoss.study.interview.entity.Interviewanswer">
        <id column="id" property="id" />
        <result column="iqid" property="iqid" />
        <result column="initiator" property="initiator" />
        <result column="content" property="content" />
        <result column="type" property="type" />
        <result column="answertype" property="answertype" />
        <result column="recommend" property="recommend" />
        <result column="remk" property="remk" />
        <result column="create_time" property="createTime" />
        <result column="creator" property="creator" />
        <result column="modify_time" property="modifyTime" />
        <result column="modifier" property="modifier" />
    </resultMap>

    <!-- 通用查询结果列 -->
    <sql id="Base_Column_List">
        id, iqid, initiator, content, type, answertype, recommend, remk, create_time, creator, modify_time, modifier
    </sql>
	<select id="selectVoList" resultType="com.jkoss.study.interview.vo.InterviewanswerVo">
		SELECT ia.*, 
		(case ia.answertype  
		    when 2 then s.name
		    when 1 then t.name
		end) as name,
		s.id AS sid
		from interviewanswer ia 
		LEFT JOIN student s on ia.initiator = s.id 
		LEFT JOIN teacher t on  ia.initiator = t.id
		${ew.sqlSegment}
	</select>
</mapper>
