<?xml version="1.0" encoding="UTF-8"?>
<!DOCTYPE mapper PUBLIC "-//mybatis.org//DTD Mapper 3.0//EN" "http://mybatis.org/dtd/mybatis-3-mapper.dtd">
<mapper namespace="com.jkoss.study.interview.mapper.InterviewquestionMapper">

    <!-- 通用查询映射结果 -->
    <resultMap id="BaseResultMap" type="com.jkoss.study.interview.entity.Interviewquestion">
        <id column="id" property="id" />
        <result column="eid" property="eid" />
        <result column="pid" property="pid" />
        <result column="initiator" property="initiator" />
        <result column="content" property="content" />
        <result column="type" property="type" />
        <result column="remk" property="remk" />
        <result column="create_time" property="createTime" />
        <result column="creator" property="creator" />
        <result column="modify_time" property="modifyTime" />
        <result column="modifier" property="modifier" />
    </resultMap>

    <!-- 通用查询结果列 -->
    <sql id="Base_Column_List">
        id, eid, pid, initiator, content, type, remk, create_time, creator, modify_time, modifier
    </sql>
	<select id="selectVoList" resultType="com.jkoss.study.interview.vo.InterviewquestionVo">
		SELECT
			iq.*, ia.content AS iacontent,
			ia.answertype AS answertype
		FROM
			interviewquestion iq
		LEFT JOIN interviewanswer ia ON iq.id = ia.iqid
		${ew.sqlSegment}
	</select>
	<select id="selectVoPage" resultType="com.jkoss.study.interview.vo.InterviewquestionVo">
		SELECT
			iq.*, e. NAME AS ename,
			p. NAME AS pname,
			s.id AS sid,
			(CASE iq.type
			WHEN 2 THEN s. NAME 
			ELSE '雷锋' END) AS sname
		FROM
			interviewquestion iq
		LEFT JOIN enterprise e ON iq.eid = e.id
		LEFT JOIN post p ON iq.pid = p.id
		LEFT JOIN student s ON iq.initiator = s.id
		${ew.sqlSegment}
	</select>
	<select id="selectVoById" resultType="com.jkoss.study.interview.vo.InterviewquestionVo">
		SELECT iq.*,e.name as ename ,p.name as pname ,s.name as sname   from interviewquestion iq 
		LEFT JOIN enterprise e on iq.eid = e.id 
		LEFT JOIN post p on iq.pid = p.id
		LEFT JOIN student s on iq.initiator = s.id
		where iq.id = #{id}
	</select>
</mapper>
