<?xml version="1.0" encoding="UTF-8"?>
<!DOCTYPE mapper PUBLIC "-//mybatis.org//DTD Mapper 3.0//EN" "http://mybatis.org/dtd/mybatis-3-mapper.dtd">
<mapper namespace="com.jkoss.study.interview.mapper.InterviewMapper">

	<!-- 通用查询映射结果 -->
	<resultMap id="BaseResultMap" type="com.jkoss.study.interview.entity.Interview">
		<id column="id" property="id" />
		<result column="sid" property="sid" />
		<result column="eid" property="eid" />
		<result column="pid" property="pid" />
		<result column="interviewdate" property="interviewdate" />
		<result column="preparescoring" property="preparescoring" />
		<result column="experience" property="experience" />
		<result column="scoring" property="scoring" />
		<result column="state" property="state" />
		<result column="result" property="result" />
		<result column="remk" property="remk" />
		<result column="create_time" property="createTime" />
		<result column="creator" property="creator" />
		<result column="modify_time" property="modifyTime" />
		<result column="modifier" property="modifier" />
	</resultMap>

	<!-- 通用查询结果列 -->
	<sql id="Base_Column_List">
		id, sid, eid, pid, interviewdate, preparescoring, experience, scoring, state, result, remk, create_time, creator, modify_time, modifier
	</sql>
	<select id="selectVoPage" resultType="com.jkoss.study.interview.vo.InterviewVo">
		SELECT
		i.*, e. NAME AS ename,
		p. NAME AS pname,
		s. NAME AS sname,
		c. NAME AS cname
		FROM
		interview i
		LEFT JOIN enterprise e ON i.eid = e.id
		LEFT JOIN post p ON i.pid = p.id
		LEFT JOIN student s ON i.sid = s.id
		LEFT JOIN clazz c ON c.id = s.clzid
		${ew.sqlSegment}
	</select>
</mapper>
