<?xml version="1.0" encoding="UTF-8"?>
<!DOCTYPE mapper PUBLIC "-//mybatis.org//DTD Mapper 3.0//EN" "http://mybatis.org/dtd/mybatis-3-mapper.dtd">
<mapper namespace="com.jkoss.study.learn.mapper.FeedbackMapper">

	<!-- 通用查询映射结果 -->
	<resultMap id="BaseResultMap" type="com.jkoss.study.learn.entity.Feedback">
		<id column="id" property="id" />
		<result column="create_time" property="createTime" />
		<result column="creator" property="creator" />
		<result column="modify_time" property="modifyTime" />
		<result column="modifier" property="modifier" />
		<result column="sid" property="sid" />
		<result column="cid" property="cid" />
		<result column="tid" property="tid" />
		<result column="crid" property="crid" />
		<result column="writedate" property="writedate" />
		<result column="title" property="title" />
		<result column="content" property="content" />
		<result column="quest1" property="quest1" />
		<result column="quest2" property="quest2" />
		<result column="quest3" property="quest3" />
		<result column="quest4" property="quest4" />
		<result column="quest5" property="quest5" />
		<result column="quest6" property="quest6" />
		<result column="answer1" property="answer1" />
		<result column="answer2" property="answer2" />
		<result column="answer3" property="answer3" />
		<result column="answer4" property="answer4" />
		<result column="answer5" property="answer5" />
		<result column="answer6" property="answer6" />
		<result column="isread" property="isread" />
		<result column="reader" property="reader" />
		<result column="readtime" property="readtime" />
	</resultMap>

	<!-- 通用查询结果列 -->
	<sql id="Base_Column_List">
		create_time,
		creator,
		modify_time,
		modifier,
		id, sid, cid, tid, crid, writedate, title, content, quest1, quest2, quest3, quest4, quest5, quest6, answer1, answer2, answer3, answer4, answer5, answer6, isread, reader, readtime
	</sql>
	<select id="selectVoPage" resultType="com.jkoss.study.learn.vo.FeedbackVo">

		select s.name sname,c.name cname ,
		CONCAT((select sd.title from standard sd where sd.id= f.quest1 ),' -- ',(select si.content from standarditem si where si.id= f.answer1 )) as qa1,
		CONCAT((select sd.title from standard sd where sd.id= f.quest2 ),' -- ',(select si.content from standarditem si where si.id= f.answer2 )) as qa2,
		CONCAT((select sd.title from standard sd where sd.id= f.quest3 ),' -- ',(select si.content from standarditem si where si.id= f.answer3 )) as qa3,
		CONCAT((select sd.title from standard sd where sd.id= f.quest4 ),' -- ',(select si.content from standarditem si where si.id= f.answer4 )) as qa4,
		CONCAT((select sd.title from standard sd where sd.id= f.quest5 ),' -- ',(select si.content from standarditem si where si.id= f.answer5 )) as qa5,
		CONCAT((select sd.title from standard sd where sd.id= f.quest6 ),' -- ',(select si.content from standarditem si where si.id= f.answer6 )) as qa6,

		f.* from feedback f
		LEFT JOIN student s on f.sid =s.id
		LEFT JOIN clazz c on f.cid =c.id
		
			${ew.sqlSegment}
	</select>
	
	<select id="selectVo" resultType="com.jkoss.study.learn.vo.FeedbackVo">
		select s.name sname,c.name cname ,t.name tname ,
		CONCAT((select sd.title from standard sd where sd.id= f.quest1 ),' -- ',(select si.content from standarditem si where si.id= f.answer1 )) as qa1,
		CONCAT((select sd.title from standard sd where sd.id= f.quest2 ),' -- ',(select si.content from standarditem si where si.id= f.answer2 )) as qa2,
		CONCAT((select sd.title from standard sd where sd.id= f.quest3 ),' -- ',(select si.content from standarditem si where si.id= f.answer3 )) as qa3,
		CONCAT((select sd.title from standard sd where sd.id= f.quest4 ),' -- ',(select si.content from standarditem si where si.id= f.answer4 )) as qa4,
		CONCAT((select sd.title from standard sd where sd.id= f.quest5 ),' -- ',(select si.content from standarditem si where si.id= f.answer5 )) as qa5,
		CONCAT((select sd.title from standard sd where sd.id= f.quest6 ),' -- ',(select si.content from standarditem si where si.id= f.answer6 )) as qa6,

		f.* from feedback f
		LEFT JOIN student s on f.sid =s.id
		LEFT JOIN clazz c on f.cid =c.id
		LEFT JOIN teacher t ON t.id = f.reader
		${ew.sqlSegment}
	</select>
</mapper>
