<?xml version="1.0" encoding="UTF-8"?>
<!DOCTYPE mapper PUBLIC "-//mybatis.org//DTD Mapper 3.0//EN" "http://mybatis.org/dtd/mybatis-3-mapper.dtd">
<mapper namespace="com.jkoss.study.learn.mapper.SelfevaluationMapper">

	<!-- 通用查询映射结果 -->
	<resultMap id="BaseResultMap" type="com.jkoss.study.learn.entity.Selfevaluation">
		<id column="id" property="id" />
		<result column="create_time" property="createTime" />
		<result column="creator" property="creator" />
		<result column="modify_time" property="modifyTime" />
		<result column="modifier" property="modifier" />
		<result column="sid" property="sid" />
		<result column="cid" property="cid" />
		<result column="tid" property="tid" />
		<result column="crid" property="crid" />
		<result column="title" property="title" />
		<result column="week" property="week" />
		<result column="content" property="content" />
		<result column="quest1" property="quest1" />
		<result column="quest2" property="quest2" />
		<result column="quest3" property="quest3" />
		<result column="answer1" property="answer1" />
		<result column="answer2" property="answer2" />
		<result column="answer3" property="answer3" />
		<result column="isread" property="isread" />
		<result column="reader" property="reader" />
		<result column="readtime" property="readtime" />
	</resultMap>

	<!-- 通用查询结果列 -->
	<sql id="Base_Column_List">
		create_time,
		creator,
		modify_time,
		modifier,
		id, sid, cid, tid, crid, title, week, content, quest1, quest2, quest3, answer1, answer2, answer3, isread, reader, readtime
	</sql>
	<select id="selectVoPage" resultType="com.jkoss.study.learn.vo.SelfevaluationVo">
		select s.name sname,c.name cname ,
		CONCAT((select sd.title from standard sd where sd.id= se.quest1 ),'',(select si.content from standarditem si where si.id= se.answer1 )) as qa1,
		CONCAT((select sd.title from standard sd where sd.id= se.quest2 ),'',(select si.content from standarditem si where si.id= se.answer2 )) as qa2,
		CONCAT((select sd.title from standard sd where sd.id= se.quest3 ),'',(select si.content from standarditem si where si.id= se.answer3 )) as qa3,
		se.* from selfevaluation se
		LEFT JOIN student s on se.sid =s.id
		LEFT JOIN clazz c on se.cid =c.id
		${ew.sqlSegment}
	</select>
	<select id="selectVo" resultType="com.jkoss.study.learn.vo.SelfevaluationVo">
		select s.name sname,c.name cname ,t.name tname,
		CONCAT((select sd.title from standard sd where sd.id= se.quest1 ),'',(select si.content from standarditem si where si.id= se.answer1 )) as qa1,
		CONCAT((select sd.title from standard sd where sd.id= se.quest2 ),'',(select si.content from standarditem si where si.id= se.answer2 )) as qa2,
		CONCAT((select sd.title from standard sd where sd.id= se.quest3 ),'',(select si.content from standarditem si where si.id= se.answer3 )) as qa3,
		se.* from selfevaluation se
		LEFT JOIN student s on se.sid =s.id
		LEFT JOIN clazz c on se.cid =c.id
		LEFT JOIN teacher t ON t.id = se.reader
		${ew.sqlSegment}
	</select>
</mapper>
