<?xml version="1.0" encoding="UTF-8"?>
<!DOCTYPE mapper PUBLIC "-//mybatis.org//DTD Mapper 3.0//EN" "http://mybatis.org/dtd/mybatis-3-mapper.dtd">
<mapper namespace="com.jkoss.study.learn.mapper.StandardplanMapper">

	<!-- 通用查询映射结果 -->
	<resultMap id="BaseResultMap" type="com.jkoss.study.learn.entity.Standardplan">
		<id column="id" property="id" />
		<result column="create_time" property="createTime" />
		<result column="creator" property="creator" />
		<result column="modify_time" property="modifyTime" />
		<result column="modifier" property="modifier" />
		<result column="plantdate" property="plantdate" />
		<result column="quest1" property="quest1" />
		<result column="quest2" property="quest2" />
		<result column="quest3" property="quest3" />
		<result column="quest4" property="quest4" />
		<result column="quest5" property="quest5" />
		<result column="quest6" property="quest6" />
		<result column="state" property="state" />
	</resultMap>

	<!-- 通用查询结果列 -->
	<sql id="Base_Column_List">
		create_time,
		creator,
		modify_time,
		modifier,
		id, plantdate, quest1, quest2, quest3, quest4, quest5, quest6, state
	</sql>
	<select id="selectMaxPlantDate" resultType="java.lang.String">
		select max(plantdate) from standardplan sp where sp.state ='1'
	</select>
</mapper>
