<?xml version="1.0" encoding="UTF-8"?>
<!DOCTYPE mapper PUBLIC "-//mybatis.org//DTD Mapper 3.0//EN" "http://mybatis.org/dtd/mybatis-3-mapper.dtd">
<mapper namespace="com.jkoss.study.educational.mapper.ClazzMapper">

	<!-- 通用查询映射结果 -->
	<resultMap id="BaseResultMap" type="com.jkoss.study.educational.entity.Clazz">
		<id column="id" property="id" />
		<result column="create_time" property="createTime" />
		<result column="creator" property="creator" />
		<result column="modify_time" property="modifyTime" />
		<result column="modifier" property="modifier" />
		<result column="name" property="name" />
		<result column="type" property="type" />
		<result column="cid" property="cid" />
		<result column="edtm" property="edtm" />
		<result column="rdtm" property="rdtm" />
		<result column="remk" property="remk" />
		<result column="crtm" property="crtm" />
	</resultMap>

	<!-- 通用查询结果列 -->
	<sql id="Base_Column_List">
		create_time,
		creator,
		modify_time,
		modifier,
		id, name, type, cid, edtm, rdtm, remk, crtm
	</sql>

	<select id="selectVoPage" resultType="com.jkoss.study.educational.vo.ClazzVo">
		SELECT
		c.*, cr. NAME crname,t.name tname,count(s.id) as stuno
		FROM
		clazz c
		LEFT JOIN course cr ON c.cid = cr.id
		LEFT JOIN teacher_clazz tc ON c.id = tc.cid and tc.state ='1'
		LEFT JOIN teacher t on tc.tid=t.id
		LEFT JOIN student s on c.id=s.clzid
		${ew.sqlSegment}
		</select>
</mapper>
