<?xml version="1.0" encoding="UTF-8"?>
<!DOCTYPE mapper PUBLIC "-//mybatis.org//DTD Mapper 3.0//EN" "http://mybatis.org/dtd/mybatis-3-mapper.dtd">
<mapper namespace="com.jkoss.study.educational.mapper.CourseMapper">

    <!-- 通用查询映射结果 -->
    <resultMap id="BaseResultMap" type="com.jkoss.study.educational.entity.Course">
        <id column="id" property="id" />
    <result column="create_time" property="createTime" />
    <result column="creator" property="creator" />
    <result column="modify_time" property="modifyTime" />
    <result column="modifier" property="modifier" />
        <result column="pid" property="pid" />
        <result column="name" property="name" />
        <result column="level" property="level" />
        <result column="sort" property="sort" />
        <result column="days" property="days" />
        <result column="remk" property="remk" />
    </resultMap>

    <!-- 通用查询结果列 -->
    <sql id="Base_Column_List">
        create_time,
        creator,
        modify_time,
        modifier,
        id, pid, name, level, sort, days, remk
    </sql>

</mapper>
