<?xml version="1.0" encoding="UTF-8"?>
<!DOCTYPE mapper PUBLIC "-//mybatis.org//DTD Mapper 3.0//EN" "http://mybatis.org/dtd/mybatis-3-mapper.dtd">
<mapper namespace="com.jkoss.study.educational.mapper.StandarditemMapper">

    <!-- 通用查询映射结果 -->
    <resultMap id="BaseResultMap" type="com.jkoss.study.educational.entity.Standarditem">
        <id column="id" property="id" />
    <result column="create_time" property="createTime" />
    <result column="creator" property="creator" />
    <result column="modify_time" property="modifyTime" />
    <result column="modifier" property="modifier" />
        <result column="sid" property="sid" />
        <result column="content" property="content" />
        <result column="inde" property="inde" />
        <result column="score" property="score" />
        <result column="remk" property="remk" />
    </resultMap>

    <!-- 通用查询结果列 -->
    <sql id="Base_Column_List">
        create_time,
        creator,
        modify_time,
        modifier,
        id, sid, content, inde, score, remk
    </sql>

</mapper>
