<?xml version="1.0" encoding="UTF-8"?>
<!DOCTYPE mapper PUBLIC "-//mybatis.org//DTD Mapper 3.0//EN" "http://mybatis.org/dtd/mybatis-3-mapper.dtd">
<mapper
	namespace="com.jkoss.study.educational.mapper.StudentMapper">
	<!-- 通用查询映射结果 -->
	<resultMap id="BaseResultMap"
		type="com.jkoss.study.educational.entity.Student">
		<id column="id" property="id" />
		<result column="create_time" property="createTime" />
		<result column="creator" property="creator" />
		<result column="modify_time" property="modifyTime" />
		<result column="clzid" property="clzid" />
		<result column="lname" property="lname" />
		<result column="pwd" property="pwd" />
		<result column="name" property="name" />
		<result column="sex" property="sex" />
		<result column="birth" property="birth" />
		<result column="phone" property="phone" />
		<result column="addr" property="addr" />
		<result column="img" property="img" />
		<result column="remk" property="remk" />
		<result column="state" property="state" />
		<result column="groupno" property="groupno" />
		<result column="wxuid" property="wxuid" />
		<result column="modifier" property="modifier" />
		<result column="school" property="school" />
		<result column="specialty" property="specialty" />
		<result column="birthplace" property="birthplace" />
		<result column="rttm" property="rttm" />
		<result column="egrs" property="egrs" />
		<result column="egct" property="egct" />
		<result column="cltm" property="cltm" />
		<result column="egph" property="egph" />
		<result column="idcard" property="idcard" />
	</resultMap>

	<!-- 通用查询结果列 -->
	<sql id="Base_Column_List">
		create_time,
		creator,
		modify_time,
		id, clzid, lname, pwd, name, sex, birth, phone, addr, img, remk, state,
		groupno, wxuid, modifier, school, specialty, birthplace, rttm, egrs,
		egct, cltm, egph, idcard
	</sql>

	<select id="selectVoPage"
		resultType="com.jkoss.study.educational.vo.StudentVo">
		select s.*,c.name cname from student s LEFT JOIN clazz c on
		s.clzid = c.id
		${ew.sqlSegment}
	</select>
	<select id="selectNoCommitEvaluationByCidAndWritedate"
		resultType="com.jkoss.study.educational.entity.Student">
		SELECT
		*
		FROM
		student s
		WHERE
		s.id NOT IN (
		SELECT
		e.sid
		FROM
		evaluation e
		WHERE
		e.sid IN ( SELECT s.id FROM student s WHERE s.clzid =
		#{cid} )
		AND e.writedate = #{writedate}
		)
		AND clzid = #{cid}
		<if test="sname != null and sname != ''">
		AND s.name = #{sname}
		</if>
	</select>
	<select id="selectNoCommitFeedbackByCidAndWritedate"
		resultType="com.jkoss.study.educational.entity.Student">
		SELECT
		*
		FROM
		student s
		WHERE
		s.id NOT IN (
		SELECT
		f.sid
		FROM
		feedback f
		WHERE
		f.sid IN ( SELECT s.id FROM student s WHERE s.clzid =
		#{cid} )
		AND f.writedate = #{writedate}
		)
		AND clzid = #{cid}
		<if test="sname != null and sname != ''">
		AND s.name = #{sname}
		</if>
	</select>
	<select id="selectNoCommitSelfevaluationByCidAndWeek"
		resultType="com.jkoss.study.educational.entity.Student">
		SELECT
		*
		FROM
		student s
		WHERE
		s.id NOT IN (
		SELECT
		s.sid
		FROM
		selfevaluation s
		WHERE
		s.sid IN ( SELECT s.id FROM student s WHERE
		s.clzid = #{cid} )
		AND s.week = #{week}
		)
		AND clzid = #{cid}
		<if test="sname != null and sname != ''">
		AND s.name = #{sname}
		</if>
	</select>

	<select id="selectVo"
		resultType="com.jkoss.study.educational.vo.StudentVo">
		select clz.name cname,s.* from student s
		LEFT JOIN clazz clz on
		clz.id=s.clzid
		<where>
			1=1
			<if test="ew != null ">${ew.sqlSegment}</if>
		</where>
	</select>
	<select id="selectVoExcel"
		resultType="com.jkoss.study.educational.vo.StudentExcelVo">
		select s.*,c.name cname,
		c.rdtm crdtm,
		c.crtm ccrtm,
		c.edtm cedtm from student s LEFT JOIN clazz c on
		s.clzid = c.id
		${ew.sqlSegment}
	</select>
</mapper>
