<?xml version="1.0" encoding="UTF-8"?>
<!DOCTYPE mapper PUBLIC "-//mybatis.org//DTD Mapper 3.0//EN" "http://mybatis.org/dtd/mybatis-3-mapper.dtd">
<mapper namespace="com.jkoss.study.educational.mapper.TeacherClazzMapper">

	<!-- 通用查询映射结果 -->
	<resultMap id="BaseResultMap" type="com.jkoss.study.educational.entity.TeacherClazz">
		<id column="id" property="id" />
		<result column="tid" property="tid" />
		<result column="cid" property="cid" />
		<result column="state" property="state" />
	</resultMap>

	<!-- 通用查询结果列 -->
	<sql id="Base_Column_List">
		id, tid, cid, state
	</sql>
	<update id="updateStateByCid">
		update teacher_clazz set state =#{state}
		where cid =#{cid}
	</update>

	<select id="selectVoByCid" resultType="com.jkoss.study.educational.vo.TeacherClazzVo">
		select tc.*,t.name tname from teacher_clazz tc
		LEFT JOIN teacher t on t.id=tc.tid
		where tc.cid = #{cid}
		ORDER BY tc.state, tc.create_time
	</select>
</mapper>
