<?xml version="1.0" encoding="UTF-8"?>
<!DOCTYPE mapper PUBLIC "-//mybatis.org//DTD Mapper 3.0//EN" "http://mybatis.org/dtd/mybatis-3-mapper.dtd">
<mapper namespace="com.jkoss.study.exam.mapper.AnswerMapper">

    <!-- 通用查询映射结果 -->
    <resultMap id="BaseResultMap" type="com.jkoss.study.exam.entity.Answer">
        <id column="id" property="id" />
    <result column="create_time" property="createTime" />
    <result column="creator" property="creator" />
    <result column="modify_time" property="modifyTime" />
        <result column="eid" property="eid" />
        <result column="cid" property="cid" />
        <result column="sid" property="sid" />
        <result column="type" property="type" />
        <result column="duration" property="duration" />
        <result column="score" property="score" />
        <result column="score" property="isjudged" />
        <result column="answer" property="answer" />
        <result column="expid" property="expid" />
        <result column="modifier" property="modifier" />
        <result column="isjudged" property="isjudged" />
        
    </resultMap>

    <!-- 通用查询结果列 -->
    <sql id="Base_Column_List">
        create_time,
        creator,
        modify_time,
        id, eid, cid, sid, type, duration, score, answer, expid, modifier,isjudged
    </sql>
	<select id="selectVoPage" resultType="com.jkoss.study.exam.vo.AnswerVo">
		SELECT
			a.*, c. NAME AS cname,
			s. NAME AS sname,
			exp. NAME AS expname,
			exp.pass_score exppassscore,
			exp.score expscore
		FROM
			answer a
		LEFT JOIN clazz c ON a.cid = c.id
		LEFT JOIN student s ON a.sid = s.id
		LEFT JOIN exampaper exp ON a.expid = exp.id	
			 ${ew.sqlSegment} 
	</select>
	<select id="selectVoByid" resultType="com.jkoss.study.exam.vo.AnswerVo">
		SELECT
			a.*, c. NAME AS cname,
			s. NAME AS sname,
			exp. NAME AS expname
		FROM
			answer a
		LEFT JOIN clazz c ON a.cid = c.id
		LEFT JOIN student s ON a.sid = s.id
		LEFT JOIN exampaper exp ON a.expid = exp.id	
		where a.id = #{id}
	</select>
	<select id="selectExpid" resultType="com.jkoss.study.exam.api.vo.AnswerVo">
		SELECT
			e.expid,
			e.start_time AS date,
			CASE
		WHEN a.id IS NOT NULL THEN
			1
		ELSE
			0
		END AS subexam
		FROM
			exam e
		LEFT JOIN answer a ON e.id = a.eid
		AND DATE_FORMAT(e.start_time, "%Y-%m-%d") = DATE_FORMAT(a.create_time, "%Y-%m-%d")		
		<where>
			<if test="ew != null ">${ew.sqlSegment}</if>
		</where>
	</select>
	<select id="selectTranscript" resultType="com.jkoss.study.exam.api.vo.AnswerVo2">
	select 	a.id,
	a.create_time,
	a.creator,
	a.modify_time,
	a.eid,
	a.cid,
	a.sid,
	a.type,
	a.duration,
	a.score,
	a.expid,
	a.modifier,
	a.isjudged,
	ep. NAME AS expname,
			ep.score expscore,
			ep.pass_score exppassscore,
			ep.type exptype,
			ep.duration expduration
	
	 from answer a LEFT JOIN exampaper ep on a.expid = ep.id
		<where>
			<if test="ew != null ">${ew.sqlSegment}</if>
		</where>
	</select>
	
	<select id="selectTranscriptById" resultType="com.jkoss.study.exam.api.vo.AnswerVo2">
	select a.*,ep.name as expname, 
			ep.score AS expscore,
			ep.pass_score exppassscore,
			ep.type exptype,
			ep.duration expduration,
			ep.duration expduration 
			from answer a LEFT JOIN exampaper ep on a.expid = ep.id
	where a.id = #{id}
	</select>
	
	<select id="selectTranscriptVoPage" resultType="com.jkoss.study.exam.api.vo.AnswerVo2">
	select 	a.id,
	a.create_time,
	a.creator,
	a.modify_time,
	a.eid,
	a.cid,
	a.sid,
	a.type,
	a.duration,
	a.score,
	a.expid,
	a.modifier,
	a.isjudged,
	ep. NAME AS expname,
			ep.score expscore,
			ep.pass_score exppassscore,
			ep.type exptype,
			ep.duration expduration
	
	 from answer a LEFT JOIN exampaper ep on a.expid = ep.id
		<where>
			<if test="ew != null">${ew.sqlSegment}</if>
		</where>
	</select>
	
</mapper>
