<?xml version="1.0" encoding="UTF-8"?>
<!DOCTYPE mapper PUBLIC "-//mybatis.org//DTD Mapper 3.0//EN" "http://mybatis.org/dtd/mybatis-3-mapper.dtd">
<mapper namespace="com.jkoss.study.exam.mapper.ExamMapper">

	<!-- 通用查询映射结果 -->
	<resultMap id="BaseResultMap" type="com.jkoss.study.exam.entity.Exam">
		<id column="id" property="id" />
		<result column="name" property="name" />
		<result column="cid" property="cid" />
		<result column="expid" property="expid" />
		<result column="start_time" property="startTime" />
		<result column="end_time" property="endTime" />
		<result column="stucnt" property="stucnt" />
		<result column="create_time" property="createTime" />
		<result column="creator" property="creator" />
		<result column="modify_time" property="modifyTime" />
		<result column="modifier" property="modifier" />
	</resultMap>

	<!-- 通用查询结果列 -->
	<sql id="Base_Column_List">
		id, name, cid, expid, start_time, end_time, create_time, creator, modify_time, modifier,stucnt
	</sql>
	<select id="selectVoPage" resultType="com.jkoss.study.exam.vo.ExamVo">
	 select e.id, e.name, e.cid, e.expid, e.start_time, e.end_time, e.create_time, e.modify_time, e.modifier,e.stucnt,
		c.name cname,exp.name expname,exp.type exptype,t.name as creator,count(a.id) as cnted,sum(isjudged) as juded from exam e
	   LEFT JOIN clazz c on e.cid=c.id
	   LEFT JOIN exampaper exp on e.expid=exp.id
	   LEFT JOIN teacher t on t.id=e.creator
       LEFT JOIN answer a on e.id=a.eid
		${ew.sqlSegment}
	
	</select>
	
	<select id="selectExamList" resultType="com.jkoss.study.exam.vo.ExamVo">
		SELECT
			e.* ,  exp. NAME expname,
			exp.duration expduration,
			exp.score expscore,
			exp.pass_score exppassscore,
			exp.type exptype
		FROM
			exam e
		LEFT JOIN exampaper exp ON e.expid = exp.id
		<where>
			<if test="ew != null ">${ew.sqlSegment}</if>
		</where>
	</select>
</mapper>
