<?xml version="1.0" encoding="UTF-8"?>
<!DOCTYPE mapper PUBLIC "-//mybatis.org//DTD Mapper 3.0//EN" "http://mybatis.org/dtd/mybatis-3-mapper.dtd">
<mapper namespace="com.jkoss.study.exam.mapper.ExampaperMapper">

    <!-- 通用查询映射结果 -->
    <resultMap id="BaseResultMap" type="com.jkoss.study.exam.entity.Exampaper">
        <id column="id" property="id" />
        <result column="name" property="name" />
        <result column="duration" property="duration" />
        <result column="score" property="score" />
        <result column="pass_score" property="passScore" />
        <result column="type" property="type" />
        <result column="is_visible" property="isVisible" />
        <result column="content" property="content" />
        <result column="status" property="status" />
        <result column="mark" property="mark" />
        <result column="create_time" property="createTime" />
        <result column="creator" property="creator" />
        <result column="modify_time" property="modifyTime" />
        <result column="modifier" property="modifier" />
    </resultMap>

    <!-- 通用查询结果列 -->
    <sql id="Base_Column_List">
        id, name, duration, score, pass_score, type, is_visible, content, status, mark, create_time, creator, modify_time, modifier
    </sql>
      <select id="selectPage" resultType="com.jkoss.study.exam.entity.Exampaper">
		select  q.id, q.name, duration, score, pass_score, type, is_visible, content, status, mark, q.create_time, t.name as creator, q.modify_time, t2.name as  modifier
		 from exampaper q 
		  LEFT JOIN  teacher t on t.id=q.creator
		  LEFT JOIN  teacher t2 on t2.id=q.modifier
		<where>
			1=1
			<if test="ew != null ">${ew.sqlSegment}</if>
		</where>
	</select>
</mapper>
