<?xml version="1.0" encoding="UTF-8"?>
<!DOCTYPE mapper PUBLIC "-//mybatis.org//DTD Mapper 3.0//EN" "http://mybatis.org/dtd/mybatis-3-mapper.dtd">
<mapper namespace="com.jkoss.study.exam.mapper.PointMapper">

	<!-- 通用查询映射结果 -->
	<resultMap id="BaseResultMap" type="com.jkoss.study.exam.entity.Point">
		<id column="id" property="id" />
		<result column="pid" property="pid" />
		<result column="name" property="name" />
		<result column="level" property="level" />
		<result column="sort" property="sort" />
		<result column="mark" property="mark" />
		<result column="create_time" property="createTime" />
		<result column="creator" property="creator" />
		<result column="modify_time" property="modifyTime" />
		<result column="modifier" property="modifier" />
	</resultMap>

	<!-- 通用查询结果列 -->
	<sql id="Base_Column_List">
		id, pid, name, level, sort, mark, create_time, creator, modify_time, modifier
	</sql>
	<select id="selectAllLevelByPid" resultType="com.jkoss.study.exam.vo.PointVo">
		select p1.*,p2.name pname,p3.id gpid,p3.name gpname from point p1
		LEFT JOIN point p2 on p1.pid=p2.id
		LEFT JOIN point p3 on p2.pid=p3.id
		<where>
			1=1
			<if test="ew != null ">${ew.sqlSegment}</if>
		</where>
	</select>
</mapper>
