<?xml version="1.0" encoding="UTF-8"?>
<!DOCTYPE mapper PUBLIC "-//mybatis.org//DTD Mapper 3.0//EN" "http://mybatis.org/dtd/mybatis-3-mapper.dtd">
<mapper namespace="com.jkoss.study.exam.mapper.QuestionMapper">

	<!-- 通用查询映射结果 -->
	<resultMap id="BaseResultMap" type="com.jkoss.study.exam.entity.Question">
		<id column="id" property="id" />
		<result column="cpid" property="cpid" />
		<result column="mpid" property="mpid" />
		<result column="zpid" property="zpid" />
		<result column="name" property="name" />
		<result column="type" property="type" />
		<result column="content" property="content" />
		<result column="answer" property="answer" />
		<result column="analysis" property="analysis" />
		<result column="difficulty" property="difficulty" />
		<result column="is_subjective" property="isSubjective" />
		<result column="is_visible" property="isVisible" />
		<result column="is_sort" property="isSort" />
		<result column="expose_times" property="exposeTimes" />
		<result column="right_times" property="rightTimes" />
		<result column="wrong_times" property="wrongTimes" />
		<result column="reference" property="reference" />
		<result column="examing_point" property="examingPoint" />
		<result column="keyword" property="keyword" />
		<result column="create_time" property="createTime" />
		<result column="creator" property="creator" />
		<result column="modify_time" property="modifyTime" />
		<result column="modifier" property="modifier" />
	</resultMap>

	<!-- 通用查询结果列 -->
	<sql id="Base_Column_List">
		id, cpid, mpid, zpid, name, type, content, answer, analysis, difficulty, is_subjective, is_visible, is_sort, expose_times, right_times, wrong_times, reference, examing_point, keyword, create_time, creator, modify_time, modifier
	</sql>
	<select id="selectVoPage" resultType="com.jkoss.study.exam.vo.QusetionVo">
		select  q.id, cpid, mpid, zpid, q.name, type, content, answer, analysis, 
		difficulty, is_subjective, is_visible, is_sort, expose_times,
		 right_times, wrong_times, reference, examing_point,
		  keyword, q.create_time, q.modify_time,p1.name cpname,p2.name mpname,p3.name zpname,t.name as creator,t2.name as modifier from question q
		LEFT JOIN point p1 on q.cpid=p1.id
		LEFT JOIN point p2 on q.mpid=p2.id
		LEFT JOIN point p3 on q.zpid=p3.id
		  LEFT JOIN  teacher t on t.id=q.creator
		  LEFT JOIN  teacher t2 on t2.id=q.modifier
		<where>
			1=1
			<if test="ew != null ">${ew.sqlSegment}</if>
		</where>
	</select>
	<select id="selectVo" resultType="com.jkoss.study.exam.vo.QusetionVo">
	select  q.id, cpid, mpid, zpid, q.name, type, content, answer, analysis, 
		difficulty, is_subjective, is_visible, is_sort, expose_times,
		 right_times, wrong_times, reference, examing_point,
		  keyword, q.create_time, q.modify_time,p1.name cpname,p2.name mpname,p3.name zpname,t.name as creator,t2.name as modifier from question q
		LEFT JOIN point p1 on q.cpid=p1.id
		LEFT JOIN point p2 on q.mpid=p2.id
		LEFT JOIN point p3 on q.zpid=p3.id
		  LEFT JOIN  teacher t on t.id=q.creator
		  LEFT JOIN  teacher t2 on t2.id=q.modifier
		<where>
			1=1
			<if test="ew != null ">${ew.sqlSegment}</if>
		</where>
	</select>
</mapper>
